[
null,
{"id":1,"actions":[{"skillId":29,"rating":5,"conditionType":0,"conditionParam1":0,"conditionParam2":0},{"skillId":120,"rating":1,"conditionType":0,"conditionParam1":0,"conditionParam2":0},{"skillId":45,"rating":7,"conditionType":0,"conditionParam1":0,"conditionParam2":0}],"battlerHue":0,"battlerName":"Plasma","dropItems":[{"dataId":1,"denominator":1,"kind":0},{"dataId":1,"denominator":1,"kind":0},{"dataId":1,"denominator":1,"kind":0}],"exp":0,"traits":[{"code":22,"dataId":0,"value":0.95},{"code":22,"dataId":1,"value":0.05},{"code":31,"dataId":1,"value":0}],"gold":0,"name":"AoE Attack if Allies Die","note":"<skill-ai Spark II>\nboost 9 when all ally is dead\n</skill-ai>\n<skill-ai Energize>\ntarget 3x .mp below 20\n</skill-ai>\n","params":[100,150,10,10,25,10,10,10]},
{"id":2,"actions":[{"conditionParam1":0,"conditionParam2":0,"conditionType":0,"rating":5,"skillId":1},{"skillId":42,"rating":9,"conditionType":0,"conditionParam1":0,"conditionParam2":0}],"battlerHue":0,"battlerName":"Demonpot","dropItems":[{"dataId":1,"denominator":1,"kind":0},{"dataId":1,"denominator":1,"kind":0},{"dataId":1,"denominator":1,"kind":0}],"exp":0,"traits":[{"code":22,"dataId":0,"value":1},{"code":22,"dataId":1,"value":0},{"code":31,"dataId":1,"value":0}],"gold":0,"name":"Explodes If Damaged","note":"<skill-ai Explode>\nnerf 10 when me.hp max\n</skill-ai>","params":[90,0,10,40,10,40,100,10]},
{"id":3,"actions":[{"skillId":12,"rating":5,"conditionType":0,"conditionParam1":0,"conditionParam2":0},{"skillId":135,"rating":5,"conditionType":0,"conditionParam1":0,"conditionParam2":0}],"battlerHue":0,"battlerName":"Birdman","dropItems":[{"dataId":1,"denominator":1,"kind":0},{"dataId":1,"denominator":1,"kind":0},{"dataId":1,"denominator":1,"kind":0}],"exp":0,"traits":[{"code":22,"dataId":0,"value":0.95},{"code":22,"dataId":1,"value":0.05},{"code":31,"dataId":1,"value":0}],"gold":0,"name":"Attacks The Defenseless","note":"This always targets the character with the lowest defence:\n<skill-ai Dual Attack>\ntarget .def lowest\n</skill-ai>\n\nThis always targets the character with the lowest magic defence:\n<skill-ai Wind I>\ntarget .mdf lowest\n</skill-ai>\n","params":[200,40,25,10,25,10,10,10]},
{"id":4,"actions":[{"skillId":14,"rating":5,"conditionType":0,"conditionParam1":0,"conditionParam2":0},{"skillId":43,"rating":7,"conditionType":0,"conditionParam1":0,"conditionParam2":0}],"battlerHue":0,"battlerName":"Kraken","dropItems":[{"dataId":1,"denominator":1,"kind":0},{"dataId":1,"denominator":1,"kind":0},{"dataId":1,"denominator":1,"kind":0}],"exp":0,"traits":[{"code":22,"dataId":0,"value":1},{"code":22,"dataId":1,"value":0},{"code":31,"dataId":1,"value":0}],"gold":0,"name":"Grabs, Then Attacks","note":"<skill-ai Triple Attack>\nboost 5 when enemy.state is Paralysis\ntarget 8x .state is Paralysis\n</skill-ai>\n<skill-ai Grasp>\ntarget 5x .state is not Paralysis\n</skill-ai>","params":[700,0,35,10,10,10,10,10]},
{"id":5,"actions":[{"skillId":147,"rating":2,"conditionType":0,"conditionParam1":0,"conditionParam2":0},{"skillId":25,"rating":9,"conditionType":3,"conditionParam1":0,"conditionParam2":0.2},{"skillId":44,"rating":4,"conditionType":0,"conditionParam1":0,"conditionParam2":0}],"battlerHue":0,"battlerName":"Lich","dropItems":[{"dataId":1,"denominator":1,"kind":0},{"dataId":1,"denominator":1,"kind":0},{"dataId":1,"denominator":1,"kind":0}],"exp":0,"traits":[{"code":22,"dataId":0,"value":0.95},{"code":22,"dataId":1,"value":0.05},{"code":31,"dataId":9,"value":0}],"gold":0,"name":"Adds Elemental Weakness","note":"RPG Maker already has good conditions for\nmanaging MP, but we can still improve it\nby making sure we target the character we\ncan drain the most MP from.\n<skill-ai Bizarre Dance>\ntarget 5x .mp highest\n</skill-ai>\n<skill-ai No Light>\ntarget 8x .state is not Weak to Darkness\n</skill-ai>\n<skill-ai Shade I>\nboost 4 enemy.state is Weak to Darkness\ntarget 8x .state is Weak to Darkness\n</skill-ai>\n","params":[800,200,40,40,40,40,10,10]}
]